dur,proto,service,state,spkts,Anomaly Score,Anomaly Detected,Predicted Attack Category
1.5,1.0,3.0,1.0,35,7.942995837637321,Yes,Fuzzers
2.0,1.5,5.0,2.0,50,11.899984638823486,Yes,Fuzzers
0.8,0.8,2.0,1.0,14,2.7283382247378496,No,N/A
3.2,2.0,4.0,3.0,85,18.806382344621753,Yes,Fuzzers
1.1,1.0,3.5,1.5,28,6.477192294595096,Yes,Fuzzers
0.6,1.5,5.0,1.0,18,4.5847014381291675,Yes,Exploits
0.3,1.0,2.0,1.0,10,1.5205897532280912,No,N/A
2.5,2.5,6.0,2.2,60,15.027001345504127,Yes,Fuzzers
